Aicraft (A/C) Serial Number,Total Turn Around Time,Average Turn Around Time,Average Work Count,Total Minutes,Total Personnel
101,125:00,12:30,2,160,6
101,125:00,12:30,2,340,5
101,125:00,12:30,2,110,5
101,125:00,12:30,2,640,16
101,125:00,12:30,2,240,5
101,125:00,12:30,2,70,4
101,125:00,12:30,2,90,4
101,125:00,12:30,2,60,4
101,125:00,12:30,2,540,10
101,125:00,12:30,2,400,8
102,162:36,16:16,2,150,7
102,162:36,16:16,2,120,5
102,162:36,16:16,2,540,6
102,162:36,16:16,2,320,6
102,162:36,16:16,2,100,4
102,162:36,16:16,2,120,5
102,162:36,16:16,2,70,4
102,162:36,16:16,2,270,7
102,162:36,16:16,2,100,4
102,162:36,16:16,2,340,5
103,144:36,14:28,2,370,7
103,144:36,14:28,2,440,7
103,144:36,14:28,2,400,8
103,144:36,14:28,2,110,5
103,144:36,14:28,2,90,4
103,144:36,14:28,2,330,5
103,144:36,14:28,2,70,4
103,144:36,14:28,2,70,4
103,144:36,14:28,2,390,7
103,144:36,14:28,2,160,6
104,119:24,11:56,3,110,5
104,119:24,11:56,3,280,7
104,119:24,11:56,3,340,7
104,119:24,11:56,3,850,16
104,119:24,11:56,3,690,8
104,119:24,11:56,3,100,4
104,119:24,11:56,3,510,13
104,119:24,11:56,3,420,8
104,119:24,11:56,3,630,13
104,119:24,11:56,3,840,11
105,135:24,13:32,2,200,8
105,135:24,13:32,2,360,5
105,135:24,13:32,2,300,5
105,135:24,13:32,2,70,4
105,135:24,13:32,2,60,4
105,135:24,13:32,2,420,5
105,135:24,13:32,2,110,5
105,135:24,13:32,2,110,6
105,135:24,13:32,2,140,5
105,135:24,13:32,2,200,7
106,122:12,12:13,3,550,11
106,122:12,12:13,3,140,5
106,122:12,12:13,3,190,9
106,122:12,12:13,3,540,14
106,122:12,12:13,3,60,4
106,122:12,12:13,3,710,11
106,122:12,12:13,3,120,5
106,122:12,12:13,3,720,11
106,122:12,12:13,3,260,6
106,122:12,12:13,3,420,8
107,118:48,11:53,2,300,5
107,118:48,11:53,2,90,6
107,118:48,11:53,2,110,5
107,118:48,11:53,2,140,5
107,118:48,11:53,2,130,6
107,118:48,11:53,2,180,8
107,118:48,11:53,2,440,9
107,118:48,11:53,2,500,8
107,118:48,11:53,2,120,6
107,118:48,11:53,2,330,7
108,79:36,07:58,2,600,8
108,79:36,07:58,2,440,8
108,79:36,07:58,2,110,5
108,79:36,07:58,2,130,6
108,79:36,07:58,2,350,8
108,79:36,07:58,2,100,4
108,79:36,07:58,2,500,16
108,79:36,07:58,2,160,6
108,79:36,07:58,2,330,5
108,79:36,07:58,2,60,2
109,145:36,14:34,3,140,5
109,145:36,14:34,3,300,5
109,145:36,14:34,3,400,11
109,145:36,14:34,3,140,5
109,145:36,14:34,3,350,8
109,145:36,14:34,3,120,5
109,145:36,14:34,3,600,14
109,145:36,14:34,3,80,4
109,145:36,14:34,3,230,9
109,145:36,14:34,3,120,5
110,112:48,11:17,2,130,6
110,112:48,11:17,2,160,6
110,112:48,11:17,2,200,8
110,112:48,11:17,2,120,5
110,112:48,11:17,2,300,5
110,112:48,11:17,2,140,6
110,112:48,11:17,2,430,9
110,112:48,11:17,2,140,5
110,112:48,11:17,2,60,4
110,112:48,11:17,2,360,7
111,142:36,14:16,2,360,5
111,142:36,14:16,2,60,4
111,142:36,14:16,2,360,8
111,142:36,14:16,2,350,8
111,142:36,14:16,2,140,5
111,142:36,14:16,2,160,6
111,142:36,14:16,2,140,6
111,142:36,14:16,2,100,4
111,142:36,14:16,2,600,16
111,142:36,14:16,2,60,2
112,122:48,12:17,2,170,7
112,122:48,12:17,2,300,5
112,122:48,12:17,2,120,5
112,122:48,12:17,2,160,6
112,122:48,12:17,2,150,7
112,122:48,12:17,2,690,10
112,122:48,12:17,2,160,6
112,122:48,12:17,2,540,6
112,122:48,12:17,2,160,6
112,122:48,12:17,2,90,5
113,98:36,09:52,3,100,4
113,98:36,09:52,3,130,6
113,98:36,09:52,3,420,5
113,98:36,09:52,3,420,6
113,98:36,09:52,3,880,21
113,98:36,09:52,3,820,14
113,98:36,09:52,3,400,9
113,98:36,09:52,3,60,4
113,98:36,09:52,3,120,5
113,98:36,09:52,3,380,10
114,114:12,11:25,2,240,6
114,114:12,11:25,2,110,5
114,114:12,11:25,2,360,5
114,114:12,11:25,2,70,4
114,114:12,11:25,2,140,6
114,114:12,11:25,2,120,5
114,114:12,11:25,2,80,4
114,114:12,11:25,2,150,7
114,114:12,11:25,2,270,5
114,114:12,11:25,2,570,11
115,125:24,12:32,2,130,6
115,125:24,12:32,2,120,8
115,125:24,12:32,2,280,7
115,125:24,12:32,2,360,5
115,125:24,12:32,2,460,7
115,125:24,12:32,2,170,7
115,125:24,12:32,2,270,5
115,125:24,12:32,2,440,6
115,125:24,12:32,2,340,7
115,125:24,12:32,2,100,6
116,118:24,11:50,2,270,7
116,118:24,11:50,2,620,9
116,118:24,11:50,2,200,8
116,118:24,11:50,2,470,8
116,118:24,11:50,2,140,5
116,118:24,11:50,2,190,10
116,118:24,11:50,2,30,2
116,118:24,11:50,2,110,6
116,118:24,11:50,2,150,7
116,118:24,11:50,2,140,5
117,175:24,17:32,2,340,8
117,175:24,17:32,2,160,7
117,175:24,17:32,2,70,4
117,175:24,17:32,2,220,8
117,175:24,17:32,2,150,7
117,175:24,17:32,2,210,5
117,175:24,17:32,2,90,4
117,175:24,17:32,2,100,4
117,175:24,17:32,2,80,4
117,175:24,17:32,2,150,7
118,176:00,17:36,2,90,4
118,176:00,17:36,2,40,2
118,176:00,17:36,2,110,5
118,176:00,17:36,2,70,4
118,176:00,17:36,2,60,4
118,176:00,17:36,2,660,10
118,176:00,17:36,2,540,6
118,176:00,17:36,2,360,9
118,176:00,17:36,2,480,8
118,176:00,17:36,2,390,5
119,133:36,13:22,2,980,12
119,133:36,13:22,2,300,3
119,133:36,13:22,2,280,5
119,133:36,13:22,2,140,5
119,133:36,13:22,2,400,5
119,133:36,13:22,2,300,8
119,133:36,13:22,2,360,6
119,133:36,13:22,2,110,5
119,133:36,13:22,2,70,4
119,133:36,13:22,2,140,5
120,131:24,13:08,2,60,2
120,131:24,13:08,2,30,2
120,131:24,13:08,2,60,2
120,131:24,13:08,2,90,4
120,131:24,13:08,2,360,9
120,131:24,13:08,2,40,2
120,131:24,13:08,2,360,5
120,131:24,13:08,2,390,10
120,131:24,13:08,2,260,10
120,131:24,13:08,2,120,5
